Type,Name,Request Count,Failure Count,Median Response Time,Average Response Time,Min Response Time,Max Response Time,Average Content Size,Requests/s,Failures/s,50%,66%,75%,80%,90%,95%,98%,99%,99.9%,99.99%,100%
POST,/v1/models/mnist:predict,2820,0,5100.0,5179.835760288918,312.075013294816,16499.1361675784,38924.0,15.599392354813325,0.0,5100,5600,5800,6000,6400,7100,10000,13000,16000,16000,16000
,Aggregated,2820,0,5100.0,5179.835760288918,312.075013294816,16499.1361675784,38924.0,15.599392354813325,0.0,5100,5600,5800,6000,6400,7100,10000,13000,16000,16000,16000
