Type,Name,Request Count,Failure Count,Median Response Time,Average Response Time,Min Response Time,Max Response Time,Average Content Size,Requests/s,Failures/s,50%,66%,75%,80%,90%,95%,98%,99%,99.9%,99.99%,100%
POST,/v1/models/mnist:predict,192875,0,110.0,116.1738888706266,8.897731080651283,590.5726188793778,185.0,649.2407606667095,0.0,110,120,120,130,140,160,180,190,220,490,590
,Aggregated,192875,0,110.0,116.1738888706266,8.897731080651283,590.5726188793778,185.0,649.2407606667095,0.0,110,120,120,130,140,160,180,190,220,490,590
