Type,Name,Request Count,Failure Count,Median Response Time,Average Response Time,Min Response Time,Max Response Time,Average Content Size,Requests/s,Failures/s,50%,66%,75%,80%,90%,95%,98%,99%,99.9%,99.99%,100%
POST,/v1/models/mnist:predict,112247,0,520.0,470.9210272023012,9.61349532008171,3234.8079718649387,185.0,630.6988964146084,0.0,520,540,550,570,620,640,660,670,2500,3200,3200
,Aggregated,112247,0,520.0,470.9210272023012,9.61349532008171,3234.8079718649387,185.0,630.6988964146084,0.0,520,540,550,570,620,640,660,670,2500,3200,3200
