Type,Name,Request Count,Failure Count,Median Response Time,Average Response Time,Min Response Time,Max Response Time,Average Content Size,Requests/s,Failures/s,50%,66%,75%,80%,90%,95%,98%,99%,99.9%,99.99%,100%
grpc,Predict,149834,113566,210.0,554.6709329705724,3.124598413705826,10872.724234126508,0.0,510.44886921068974,386.8924027976373,210,320,420,490,1800,2800,3100,5200,7000,11000,11000
,Aggregated,149834,113566,210.0,554.6709329705724,3.124598413705826,10872.724234126508,0.0,510.44886921068974,386.8924027976373,210,320,420,490,1800,2800,3100,5200,7000,11000,11000
